id,date,year,month,day
1012024,1/1/2024,2024,1,1
1022024,1/2/2024,2024,1,2
1032024,1/3/2024,2024,1,3
1042024,1/4/2024,2024,1,4
1052024,1/5/2024,2024,1,5
1062024,1/6/2024,2024,1,6
1072024,1/7/2024,2024,1,7
1082024,1/8/2024,2024,1,8
1092024,1/9/2024,2024,1,9
1102024,1/10/2024,2024,1,10
1112024,1/11/2024,2024,1,11
1122024,1/12/2024,2024,1,12
1132024,1/13/2024,2024,1,13
1142024,1/14/2024,2024,1,14
1152024,1/15/2024,2024,1,15
1162024,1/16/2024,2024,1,16
1172024,1/17/2024,2024,1,17
1182024,1/18/2024,2024,1,18
1192024,1/19/2024,2024,1,19
1202024,1/20/2024,2024,1,20
1212024,1/21/2024,2024,1,21
1222024,1/22/2024,2024,1,22
1232024,1/23/2024,2024,1,23
1242024,1/24/2024,2024,1,24
1252024,1/25/2024,2024,1,25
1262024,1/26/2024,2024,1,26
1272024,1/27/2024,2024,1,27
1282024,1/28/2024,2024,1,28
1292024,1/29/2024,2024,1,29
1302024,1/30/2024,2024,1,30
1312024,1/31/2024,2024,1,31
2012024,2/1/2024,2024,2,1
2022024,2/2/2024,2024,2,2
2032024,2/3/2024,2024,2,3
2042024,2/4/2024,2024,2,4
2052024,2/5/2024,2024,2,5
2062024,2/6/2024,2024,2,6
2072024,2/7/2024,2024,2,7
2082024,2/8/2024,2024,2,8
2092024,2/9/2024,2024,2,9
2102024,2/10/2024,2024,2,10
2112024,2/11/2024,2024,2,11
2122024,2/12/2024,2024,2,12
2132024,2/13/2024,2024,2,13
2142024,2/14/2024,2024,2,14
2152024,2/15/2024,2024,2,15
2162024,2/16/2024,2024,2,16
2172024,2/17/2024,2024,2,17
2182024,2/18/2024,2024,2,18
2192024,2/19/2024,2024,2,19
2202024,2/20/2024,2024,2,20
2212024,2/21/2024,2024,2,21
2222024,2/22/2024,2024,2,22
2232024,2/23/2024,2024,2,23
2242024,2/24/2024,2024,2,24
2252024,2/25/2024,2024,2,25
2262024,2/26/2024,2024,2,26
2272024,2/27/2024,2024,2,27
2282024,2/28/2024,2024,2,28
2292024,2/29/2024,2024,2,29
3012024,3/1/2024,2024,3,1
3022024,3/2/2024,2024,3,2
3032024,3/3/2024,2024,3,3
3042024,3/4/2024,2024,3,4
3052024,3/5/2024,2024,3,5
3062024,3/6/2024,2024,3,6
3072024,3/7/2024,2024,3,7
3082024,3/8/2024,2024,3,8
3092024,3/9/2024,2024,3,9
3102024,3/10/2024,2024,3,10
3112024,3/11/2024,2024,3,11
3122024,3/12/2024,2024,3,12
3132024,3/13/2024,2024,3,13
3142024,3/14/2024,2024,3,14
3152024,3/15/2024,2024,3,15
3162024,3/16/2024,2024,3,16
3172024,3/17/2024,2024,3,17
3182024,3/18/2024,2024,3,18
3192024,3/19/2024,2024,3,19
3202024,3/20/2024,2024,3,20
3212024,3/21/2024,2024,3,21
3222024,3/22/2024,2024,3,22
3232024,3/23/2024,2024,3,23
3242024,3/24/2024,2024,3,24
3252024,3/25/2024,2024,3,25
3262024,3/26/2024,2024,3,26
3272024,3/27/2024,2024,3,27
3282024,3/28/2024,2024,3,28
3292024,3/29/2024,2024,3,29
3302024,3/30/2024,2024,3,30
3312024,3/31/2024,2024,3,31
4012024,4/1/2024,2024,4,1
4022024,4/2/2024,2024,4,2
4032024,4/3/2024,2024,4,3
4042024,4/4/2024,2024,4,4
4052024,4/5/2024,2024,4,5
4062024,4/6/2024,2024,4,6
4072024,4/7/2024,2024,4,7
4082024,4/8/2024,2024,4,8
4092024,4/9/2024,2024,4,9
4102024,4/10/2024,2024,4,10
4112024,4/11/2024,2024,4,11
4122024,4/12/2024,2024,4,12
4132024,4/13/2024,2024,4,13
4142024,4/14/2024,2024,4,14
4152024,4/15/2024,2024,4,15
4162024,4/16/2024,2024,4,16
4172024,4/17/2024,2024,4,17
4182024,4/18/2024,2024,4,18
4192024,4/19/2024,2024,4,19
4202024,4/20/2024,2024,4,20
4212024,4/21/2024,2024,4,21
4222024,4/22/2024,2024,4,22
4232024,4/23/2024,2024,4,23
4242024,4/24/2024,2024,4,24
4252024,4/25/2024,2024,4,25
4262024,4/26/2024,2024,4,26
4272024,4/27/2024,2024,4,27
4282024,4/28/2024,2024,4,28
4292024,4/29/2024,2024,4,29
4302024,4/30/2024,2024,4,30
5012024,5/1/2024,2024,5,1
5022024,5/2/2024,2024,5,2
5032024,5/3/2024,2024,5,3
5042024,5/4/2024,2024,5,4
5052024,5/5/2024,2024,5,5
5062024,5/6/2024,2024,5,6
5072024,5/7/2024,2024,5,7
5082024,5/8/2024,2024,5,8
5092024,5/9/2024,2024,5,9
5102024,5/10/2024,2024,5,10
5112024,5/11/2024,2024,5,11
5122024,5/12/2024,2024,5,12
5132024,5/13/2024,2024,5,13
5142024,5/14/2024,2024,5,14
5152024,5/15/2024,2024,5,15
5162024,5/16/2024,2024,5,16
5172024,5/17/2024,2024,5,17
5182024,5/18/2024,2024,5,18
5192024,5/19/2024,2024,5,19
5202024,5/20/2024,2024,5,20
5212024,5/21/2024,2024,5,21
5222024,5/22/2024,2024,5,22
5232024,5/23/2024,2024,5,23
5242024,5/24/2024,2024,5,24
5252024,5/25/2024,2024,5,25
5262024,5/26/2024,2024,5,26
5272024,5/27/2024,2024,5,27
5282024,5/28/2024,2024,5,28
5292024,5/29/2024,2024,5,29
5302024,5/30/2024,2024,5,30
5312024,5/31/2024,2024,5,31
6012024,6/1/2024,2024,6,1
6022024,6/2/2024,2024,6,2
6032024,6/3/2024,2024,6,3
6042024,6/4/2024,2024,6,4
6052024,6/5/2024,2024,6,5
6062024,6/6/2024,2024,6,6
6072024,6/7/2024,2024,6,7
6082024,6/8/2024,2024,6,8
6092024,6/9/2024,2024,6,9
6102024,6/10/2024,2024,6,10
6112024,6/11/2024,2024,6,11
6122024,6/12/2024,2024,6,12
6132024,6/13/2024,2024,6,13
6142024,6/14/2024,2024,6,14
6152024,6/15/2024,2024,6,15
6162024,6/16/2024,2024,6,16
6172024,6/17/2024,2024,6,17
6182024,6/18/2024,2024,6,18
6192024,6/19/2024,2024,6,19
6202024,6/20/2024,2024,6,20
6212024,6/21/2024,2024,6,21
6222024,6/22/2024,2024,6,22
6232024,6/23/2024,2024,6,23
6242024,6/24/2024,2024,6,24
6252024,6/25/2024,2024,6,25
6262024,6/26/2024,2024,6,26
6272024,6/27/2024,2024,6,27
6282024,6/28/2024,2024,6,28
6292024,6/29/2024,2024,6,29
6302024,6/30/2024,2024,6,30
7012024,7/1/2024,2024,7,1
7022024,7/2/2024,2024,7,2
7032024,7/3/2024,2024,7,3
7042024,7/4/2024,2024,7,4
7052024,7/5/2024,2024,7,5
7062024,7/6/2024,2024,7,6
7072024,7/7/2024,2024,7,7
7082024,7/8/2024,2024,7,8
7092024,7/9/2024,2024,7,9
7102024,7/10/2024,2024,7,10
7112024,7/11/2024,2024,7,11
7122024,7/12/2024,2024,7,12
7132024,7/13/2024,2024,7,13
7142024,7/14/2024,2024,7,14
7152024,7/15/2024,2024,7,15
7162024,7/16/2024,2024,7,16
7172024,7/17/2024,2024,7,17
7182024,7/18/2024,2024,7,18
7192024,7/19/2024,2024,7,19
7202024,7/20/2024,2024,7,20
7212024,7/21/2024,2024,7,21
7222024,7/22/2024,2024,7,22
7232024,7/23/2024,2024,7,23
7242024,7/24/2024,2024,7,24
7252024,7/25/2024,2024,7,25
7262024,7/26/2024,2024,7,26
7272024,7/27/2024,2024,7,27
7282024,7/28/2024,2024,7,28
7292024,7/29/2024,2024,7,29
7302024,7/30/2024,2024,7,30
7312024,7/31/2024,2024,7,31
8012024,8/1/2024,2024,8,1
8022024,8/2/2024,2024,8,2
8032024,8/3/2024,2024,8,3
8042024,8/4/2024,2024,8,4
8052024,8/5/2024,2024,8,5
8062024,8/6/2024,2024,8,6
8072024,8/7/2024,2024,8,7
8082024,8/8/2024,2024,8,8
8092024,8/9/2024,2024,8,9
8102024,8/10/2024,2024,8,10
8112024,8/11/2024,2024,8,11
8122024,8/12/2024,2024,8,12
8132024,8/13/2024,2024,8,13
8142024,8/14/2024,2024,8,14
8152024,8/15/2024,2024,8,15
8162024,8/16/2024,2024,8,16
8172024,8/17/2024,2024,8,17
8182024,8/18/2024,2024,8,18
8192024,8/19/2024,2024,8,19
8202024,8/20/2024,2024,8,20
8212024,8/21/2024,2024,8,21
8222024,8/22/2024,2024,8,22
8232024,8/23/2024,2024,8,23
8242024,8/24/2024,2024,8,24
8252024,8/25/2024,2024,8,25
8262024,8/26/2024,2024,8,26
8272024,8/27/2024,2024,8,27
8282024,8/28/2024,2024,8,28
8292024,8/29/2024,2024,8,29
8302024,8/30/2024,2024,8,30
8312024,8/31/2024,2024,8,31
9012024,9/1/2024,2024,9,1
9022024,9/2/2024,2024,9,2
9032024,9/3/2024,2024,9,3
9042024,9/4/2024,2024,9,4
9052024,9/5/2024,2024,9,5
9062024,9/6/2024,2024,9,6
9072024,9/7/2024,2024,9,7
9082024,9/8/2024,2024,9,8
9092024,9/9/2024,2024,9,9
9102024,9/10/2024,2024,9,10
9112024,9/11/2024,2024,9,11
9122024,9/12/2024,2024,9,12
9132024,9/13/2024,2024,9,13
9142024,9/14/2024,2024,9,14
9152024,9/15/2024,2024,9,15
9162024,9/16/2024,2024,9,16
9172024,9/17/2024,2024,9,17
9182024,9/18/2024,2024,9,18
9192024,9/19/2024,2024,9,19
9202024,9/20/2024,2024,9,20
9212024,9/21/2024,2024,9,21
9222024,9/22/2024,2024,9,22
9232024,9/23/2024,2024,9,23
9242024,9/24/2024,2024,9,24
9252024,9/25/2024,2024,9,25
9262024,9/26/2024,2024,9,26
9272024,9/27/2024,2024,9,27
9282024,9/28/2024,2024,9,28
9292024,9/29/2024,2024,9,29
9302024,9/30/2024,2024,9,30
10012024,10/1/2024,2024,10,1
10022024,10/2/2024,2024,10,2
10032024,10/3/2024,2024,10,3
10042024,10/4/2024,2024,10,4
10052024,10/5/2024,2024,10,5
10062024,10/6/2024,2024,10,6
10072024,10/7/2024,2024,10,7
10082024,10/8/2024,2024,10,8
10092024,10/9/2024,2024,10,9
10102024,10/10/2024,2024,10,10
10112024,10/11/2024,2024,10,11
10122024,10/12/2024,2024,10,12
10132024,10/13/2024,2024,10,13
10142024,10/14/2024,2024,10,14
10152024,10/15/2024,2024,10,15
10162024,10/16/2024,2024,10,16
10172024,10/17/2024,2024,10,17
10182024,10/18/2024,2024,10,18
10192024,10/19/2024,2024,10,19
10202024,10/20/2024,2024,10,20
10212024,10/21/2024,2024,10,21
10222024,10/22/2024,2024,10,22
10232024,10/23/2024,2024,10,23
10242024,10/24/2024,2024,10,24
10252024,10/25/2024,2024,10,25
10262024,10/26/2024,2024,10,26
10272024,10/27/2024,2024,10,27
10282024,10/28/2024,2024,10,28
10292024,10/29/2024,2024,10,29
10302024,10/30/2024,2024,10,30
10312024,10/31/2024,2024,10,31
11012024,11/1/2024,2024,11,1
11022024,11/2/2024,2024,11,2
11032024,11/3/2024,2024,11,3
11042024,11/4/2024,2024,11,4
11052024,11/5/2024,2024,11,5
11062024,11/6/2024,2024,11,6
11072024,11/7/2024,2024,11,7
11082024,11/8/2024,2024,11,8
11092024,11/9/2024,2024,11,9
11102024,11/10/2024,2024,11,10
11112024,11/11/2024,2024,11,11
11122024,11/12/2024,2024,11,12
11132024,11/13/2024,2024,11,13
11142024,11/14/2024,2024,11,14
11152024,11/15/2024,2024,11,15
11162024,11/16/2024,2024,11,16
11172024,11/17/2024,2024,11,17
11182024,11/18/2024,2024,11,18
11192024,11/19/2024,2024,11,19
11202024,11/20/2024,2024,11,20
11212024,11/21/2024,2024,11,21
11222024,11/22/2024,2024,11,22
11232024,11/23/2024,2024,11,23
11242024,11/24/2024,2024,11,24
11252024,11/25/2024,2024,11,25
11262024,11/26/2024,2024,11,26
11272024,11/27/2024,2024,11,27
11282024,11/28/2024,2024,11,28
11292024,11/29/2024,2024,11,29
11302024,11/30/2024,2024,11,30
12012024,12/1/2024,2024,12,1
12022024,12/2/2024,2024,12,2
12032024,12/3/2024,2024,12,3
12042024,12/4/2024,2024,12,4
12052024,12/5/2024,2024,12,5
12062024,12/6/2024,2024,12,6
12072024,12/7/2024,2024,12,7
12082024,12/8/2024,2024,12,8
12092024,12/9/2024,2024,12,9
12102024,12/10/2024,2024,12,10
12112024,12/11/2024,2024,12,11
12122024,12/12/2024,2024,12,12
12132024,12/13/2024,2024,12,13
12142024,12/14/2024,2024,12,14
12152024,12/15/2024,2024,12,15
12162024,12/16/2024,2024,12,16
12172024,12/17/2024,2024,12,17
12182024,12/18/2024,2024,12,18
12192024,12/19/2024,2024,12,19
12202024,12/20/2024,2024,12,20
12212024,12/21/2024,2024,12,21
12222024,12/22/2024,2024,12,22
12232024,12/23/2024,2024,12,23
12242024,12/24/2024,2024,12,24
12252024,12/25/2024,2024,12,25
12262024,12/26/2024,2024,12,26
12272024,12/27/2024,2024,12,27
12282024,12/28/2024,2024,12,28
12292024,12/29/2024,2024,12,29
12302024,12/30/2024,2024,12,30
12312024,12/31/2024,2024,12,31
1012025,1/1/2025,2025,1,1
1022025,1/2/2025,2025,1,2
1032025,1/3/2025,2025,1,3
1042025,1/4/2025,2025,1,4
1052025,1/5/2025,2025,1,5
1062025,1/6/2025,2025,1,6
1072025,1/7/2025,2025,1,7
1082025,1/8/2025,2025,1,8
1092025,1/9/2025,2025,1,9
1102025,1/10/2025,2025,1,10
1112025,1/11/2025,2025,1,11
1122025,1/12/2025,2025,1,12
1132025,1/13/2025,2025,1,13
1142025,1/14/2025,2025,1,14
1152025,1/15/2025,2025,1,15
1162025,1/16/2025,2025,1,16
1172025,1/17/2025,2025,1,17
1182025,1/18/2025,2025,1,18
1192025,1/19/2025,2025,1,19
1202025,1/20/2025,2025,1,20
1212025,1/21/2025,2025,1,21
1222025,1/22/2025,2025,1,22
1232025,1/23/2025,2025,1,23
1242025,1/24/2025,2025,1,24
1252025,1/25/2025,2025,1,25
1262025,1/26/2025,2025,1,26
1272025,1/27/2025,2025,1,27
1282025,1/28/2025,2025,1,28
1292025,1/29/2025,2025,1,29
1302025,1/30/2025,2025,1,30
1312025,1/31/2025,2025,1,31
2012025,2/1/2025,2025,2,1
2022025,2/2/2025,2025,2,2
2032025,2/3/2025,2025,2,3
2042025,2/4/2025,2025,2,4
2052025,2/5/2025,2025,2,5
2062025,2/6/2025,2025,2,6
2072025,2/7/2025,2025,2,7
2082025,2/8/2025,2025,2,8
2092025,2/9/2025,2025,2,9
2102025,2/10/2025,2025,2,10
2112025,2/11/2025,2025,2,11
2122025,2/12/2025,2025,2,12
2132025,2/13/2025,2025,2,13
2142025,2/14/2025,2025,2,14
2152025,2/15/2025,2025,2,15
2162025,2/16/2025,2025,2,16
2172025,2/17/2025,2025,2,17
2182025,2/18/2025,2025,2,18
2192025,2/19/2025,2025,2,19
2202025,2/20/2025,2025,2,20
2212025,2/21/2025,2025,2,21
2222025,2/22/2025,2025,2,22
2232025,2/23/2025,2025,2,23
2242025,2/24/2025,2025,2,24
2252025,2/25/2025,2025,2,25
2262025,2/26/2025,2025,2,26
2272025,2/27/2025,2025,2,27
2282025,2/28/2025,2025,2,28
3012025,3/1/2025,2025,3,1
3022025,3/2/2025,2025,3,2
3032025,3/3/2025,2025,3,3
3042025,3/4/2025,2025,3,4
3052025,3/5/2025,2025,3,5
3062025,3/6/2025,2025,3,6
3072025,3/7/2025,2025,3,7
3082025,3/8/2025,2025,3,8
3092025,3/9/2025,2025,3,9
3102025,3/10/2025,2025,3,10
3112025,3/11/2025,2025,3,11
3122025,3/12/2025,2025,3,12
3132025,3/13/2025,2025,3,13
3142025,3/14/2025,2025,3,14
3152025,3/15/2025,2025,3,15
3162025,3/16/2025,2025,3,16
3172025,3/17/2025,2025,3,17
3182025,3/18/2025,2025,3,18
3192025,3/19/2025,2025,3,19
3202025,3/20/2025,2025,3,20
3212025,3/21/2025,2025,3,21
3222025,3/22/2025,2025,3,22
3232025,3/23/2025,2025,3,23
3242025,3/24/2025,2025,3,24
3252025,3/25/2025,2025,3,25
3262025,3/26/2025,2025,3,26
3272025,3/27/2025,2025,3,27
3282025,3/28/2025,2025,3,28
3292025,3/29/2025,2025,3,29
3302025,3/30/2025,2025,3,30
3312025,3/31/2025,2025,3,31
4012025,4/1/2025,2025,4,1
4022025,4/2/2025,2025,4,2
4032025,4/3/2025,2025,4,3
4042025,4/4/2025,2025,4,4
4052025,4/5/2025,2025,4,5
4062025,4/6/2025,2025,4,6
4072025,4/7/2025,2025,4,7
4082025,4/8/2025,2025,4,8
4092025,4/9/2025,2025,4,9
4102025,4/10/2025,2025,4,10
4112025,4/11/2025,2025,4,11
4122025,4/12/2025,2025,4,12
4132025,4/13/2025,2025,4,13
4142025,4/14/2025,2025,4,14
4152025,4/15/2025,2025,4,15
4162025,4/16/2025,2025,4,16
4172025,4/17/2025,2025,4,17
4182025,4/18/2025,2025,4,18
4192025,4/19/2025,2025,4,19
4202025,4/20/2025,2025,4,20
4212025,4/21/2025,2025,4,21
4222025,4/22/2025,2025,4,22
4232025,4/23/2025,2025,4,23
4242025,4/24/2025,2025,4,24
4252025,4/25/2025,2025,4,25
4262025,4/26/2025,2025,4,26
4272025,4/27/2025,2025,4,27
4282025,4/28/2025,2025,4,28
4292025,4/29/2025,2025,4,29
4302025,4/30/2025,2025,4,30
5012025,5/1/2025,2025,5,1
5022025,5/2/2025,2025,5,2
5032025,5/3/2025,2025,5,3
5042025,5/4/2025,2025,5,4
5052025,5/5/2025,2025,5,5
5062025,5/6/2025,2025,5,6
5072025,5/7/2025,2025,5,7
5082025,5/8/2025,2025,5,8
5092025,5/9/2025,2025,5,9
5102025,5/10/2025,2025,5,10
5112025,5/11/2025,2025,5,11
5122025,5/12/2025,2025,5,12
5132025,5/13/2025,2025,5,13
5142025,5/14/2025,2025,5,14
5152025,5/15/2025,2025,5,15
5162025,5/16/2025,2025,5,16
5172025,5/17/2025,2025,5,17
5182025,5/18/2025,2025,5,18
5192025,5/19/2025,2025,5,19
5202025,5/20/2025,2025,5,20
5212025,5/21/2025,2025,5,21
5222025,5/22/2025,2025,5,22
5232025,5/23/2025,2025,5,23
5242025,5/24/2025,2025,5,24
5252025,5/25/2025,2025,5,25
5262025,5/26/2025,2025,5,26
5272025,5/27/2025,2025,5,27
5282025,5/28/2025,2025,5,28
5292025,5/29/2025,2025,5,29
5302025,5/30/2025,2025,5,30
5312025,5/31/2025,2025,5,31
6012025,6/1/2025,2025,6,1
6022025,6/2/2025,2025,6,2
6032025,6/3/2025,2025,6,3
6042025,6/4/2025,2025,6,4
6052025,6/5/2025,2025,6,5
6062025,6/6/2025,2025,6,6
6072025,6/7/2025,2025,6,7
6082025,6/8/2025,2025,6,8
6092025,6/9/2025,2025,6,9
6102025,6/10/2025,2025,6,10
6112025,6/11/2025,2025,6,11
6122025,6/12/2025,2025,6,12
6132025,6/13/2025,2025,6,13
6142025,6/14/2025,2025,6,14
6152025,6/15/2025,2025,6,15
6162025,6/16/2025,2025,6,16
6172025,6/17/2025,2025,6,17
6182025,6/18/2025,2025,6,18
6192025,6/19/2025,2025,6,19
6202025,6/20/2025,2025,6,20
6212025,6/21/2025,2025,6,21
6222025,6/22/2025,2025,6,22
6232025,6/23/2025,2025,6,23
6242025,6/24/2025,2025,6,24
6252025,6/25/2025,2025,6,25
6262025,6/26/2025,2025,6,26
6272025,6/27/2025,2025,6,27
6282025,6/28/2025,2025,6,28
6292025,6/29/2025,2025,6,29
6302025,6/30/2025,2025,6,30
7012025,7/1/2025,2025,7,1
7022025,7/2/2025,2025,7,2
7032025,7/3/2025,2025,7,3
7042025,7/4/2025,2025,7,4
7052025,7/5/2025,2025,7,5
7062025,7/6/2025,2025,7,6
7072025,7/7/2025,2025,7,7
7082025,7/8/2025,2025,7,8
7092025,7/9/2025,2025,7,9
7102025,7/10/2025,2025,7,10
7112025,7/11/2025,2025,7,11
7122025,7/12/2025,2025,7,12
7132025,7/13/2025,2025,7,13
7142025,7/14/2025,2025,7,14
7152025,7/15/2025,2025,7,15
7162025,7/16/2025,2025,7,16
7172025,7/17/2025,2025,7,17
7182025,7/18/2025,2025,7,18
7192025,7/19/2025,2025,7,19
7202025,7/20/2025,2025,7,20
7212025,7/21/2025,2025,7,21
7222025,7/22/2025,2025,7,22
7232025,7/23/2025,2025,7,23
7242025,7/24/2025,2025,7,24
7252025,7/25/2025,2025,7,25
7262025,7/26/2025,2025,7,26
7272025,7/27/2025,2025,7,27
7282025,7/28/2025,2025,7,28
7292025,7/29/2025,2025,7,29
7302025,7/30/2025,2025,7,30
7312025,7/31/2025,2025,7,31
8012025,8/1/2025,2025,8,1
8022025,8/2/2025,2025,8,2
8032025,8/3/2025,2025,8,3
8042025,8/4/2025,2025,8,4
8052025,8/5/2025,2025,8,5
8062025,8/6/2025,2025,8,6
8072025,8/7/2025,2025,8,7
8082025,8/8/2025,2025,8,8
8092025,8/9/2025,2025,8,9
8102025,8/10/2025,2025,8,10
8112025,8/11/2025,2025,8,11
8122025,8/12/2025,2025,8,12
8132025,8/13/2025,2025,8,13
8142025,8/14/2025,2025,8,14
8152025,8/15/2025,2025,8,15
8162025,8/16/2025,2025,8,16
8172025,8/17/2025,2025,8,17
8182025,8/18/2025,2025,8,18
8192025,8/19/2025,2025,8,19
8202025,8/20/2025,2025,8,20
8212025,8/21/2025,2025,8,21
8222025,8/22/2025,2025,8,22
8232025,8/23/2025,2025,8,23
8242025,8/24/2025,2025,8,24
8252025,8/25/2025,2025,8,25
8262025,8/26/2025,2025,8,26
8272025,8/27/2025,2025,8,27
8282025,8/28/2025,2025,8,28
8292025,8/29/2025,2025,8,29
8302025,8/30/2025,2025,8,30
8312025,8/31/2025,2025,8,31
9012025,9/1/2025,2025,9,1
9022025,9/2/2025,2025,9,2
9032025,9/3/2025,2025,9,3
9042025,9/4/2025,2025,9,4
9052025,9/5/2025,2025,9,5
9062025,9/6/2025,2025,9,6
9072025,9/7/2025,2025,9,7
9082025,9/8/2025,2025,9,8
9092025,9/9/2025,2025,9,9
9102025,9/10/2025,2025,9,10
9112025,9/11/2025,2025,9,11
9122025,9/12/2025,2025,9,12
9132025,9/13/2025,2025,9,13
9142025,9/14/2025,2025,9,14
9152025,9/15/2025,2025,9,15
9162025,9/16/2025,2025,9,16
9172025,9/17/2025,2025,9,17
9182025,9/18/2025,2025,9,18
9192025,9/19/2025,2025,9,19
9202025,9/20/2025,2025,9,20
9212025,9/21/2025,2025,9,21
9222025,9/22/2025,2025,9,22
9232025,9/23/2025,2025,9,23
9242025,9/24/2025,2025,9,24
9252025,9/25/2025,2025,9,25
9262025,9/26/2025,2025,9,26
9272025,9/27/2025,2025,9,27
9282025,9/28/2025,2025,9,28
9292025,9/29/2025,2025,9,29
9302025,9/30/2025,2025,9,30
10012025,10/1/2025,2025,10,1
10022025,10/2/2025,2025,10,2
10032025,10/3/2025,2025,10,3
10042025,10/4/2025,2025,10,4
10052025,10/5/2025,2025,10,5
10062025,10/6/2025,2025,10,6
10072025,10/7/2025,2025,10,7
10082025,10/8/2025,2025,10,8
10092025,10/9/2025,2025,10,9
10102025,10/10/2025,2025,10,10
10112025,10/11/2025,2025,10,11
10122025,10/12/2025,2025,10,12
10132025,10/13/2025,2025,10,13
10142025,10/14/2025,2025,10,14
10152025,10/15/2025,2025,10,15
10162025,10/16/2025,2025,10,16
10172025,10/17/2025,2025,10,17
10182025,10/18/2025,2025,10,18
10192025,10/19/2025,2025,10,19
10202025,10/20/2025,2025,10,20
10212025,10/21/2025,2025,10,21
10222025,10/22/2025,2025,10,22
10232025,10/23/2025,2025,10,23
10242025,10/24/2025,2025,10,24
10252025,10/25/2025,2025,10,25
10262025,10/26/2025,2025,10,26
10272025,10/27/2025,2025,10,27
10282025,10/28/2025,2025,10,28
10292025,10/29/2025,2025,10,29
10302025,10/30/2025,2025,10,30
10312025,10/31/2025,2025,10,31
11012025,11/1/2025,2025,11,1
11022025,11/2/2025,2025,11,2
11032025,11/3/2025,2025,11,3
11042025,11/4/2025,2025,11,4
11052025,11/5/2025,2025,11,5
11062025,11/6/2025,2025,11,6
11072025,11/7/2025,2025,11,7
11082025,11/8/2025,2025,11,8
11092025,11/9/2025,2025,11,9
11102025,11/10/2025,2025,11,10
11112025,11/11/2025,2025,11,11
11122025,11/12/2025,2025,11,12
11132025,11/13/2025,2025,11,13
11142025,11/14/2025,2025,11,14
11152025,11/15/2025,2025,11,15
11162025,11/16/2025,2025,11,16
11172025,11/17/2025,2025,11,17
11182025,11/18/2025,2025,11,18
11192025,11/19/2025,2025,11,19
11202025,11/20/2025,2025,11,20
11212025,11/21/2025,2025,11,21
11222025,11/22/2025,2025,11,22
11232025,11/23/2025,2025,11,23
11242025,11/24/2025,2025,11,24
11252025,11/25/2025,2025,11,25
11262025,11/26/2025,2025,11,26
11272025,11/27/2025,2025,11,27
11282025,11/28/2025,2025,11,28
11292025,11/29/2025,2025,11,29
11302025,11/30/2025,2025,11,30
12012025,12/1/2025,2025,12,1
12022025,12/2/2025,2025,12,2
12032025,12/3/2025,2025,12,3
12042025,12/4/2025,2025,12,4
12052025,12/5/2025,2025,12,5
12062025,12/6/2025,2025,12,6
12072025,12/7/2025,2025,12,7
12082025,12/8/2025,2025,12,8
12092025,12/9/2025,2025,12,9
12102025,12/10/2025,2025,12,10
12112025,12/11/2025,2025,12,11
12122025,12/12/2025,2025,12,12
12132025,12/13/2025,2025,12,13
12142025,12/14/2025,2025,12,14
12152025,12/15/2025,2025,12,15
12162025,12/16/2025,2025,12,16
12172025,12/17/2025,2025,12,17
12182025,12/18/2025,2025,12,18
12192025,12/19/2025,2025,12,19
12202025,12/20/2025,2025,12,20
12212025,12/21/2025,2025,12,21
12222025,12/22/2025,2025,12,22
12232025,12/23/2025,2025,12,23
12242025,12/24/2025,2025,12,24
12252025,12/25/2025,2025,12,25
12262025,12/26/2025,2025,12,26
12272025,12/27/2025,2025,12,27
12282025,12/28/2025,2025,12,28
12292025,12/29/2025,2025,12,29
12302025,12/30/2025,2025,12,30
12312025,12/31/2025,2025,12,31
